{
    "type": "crafting_shapeless",
    "ingredients":
    [
      {
        "item": "minecraft:snow"
      },
      {
        "item": "minecraft:snow"
      },
      {
        "item": "minecraft:snow"
      },
      {
        "item": "minecraft:snow"
      },
      {
        "item": "minecraft:snow"
      },
      {
        "item": "minecraft:snow"
      },
      {
        "item": "minecraft:snow"
      },
      {
        "item": "minecraft:snow"
      }
    ],
    "result":
    {
        "item": "minecraft:snow_block"
    }
}
