{
    "type": "crafting_shapeless",
    "ingredients":
    [
      {
        "item": "minecraft:yellow_carpet"
      },
      {
        "item": "minecraft:yellow_carpet"
      },
      {
        "item": "minecraft:yellow_carpet"
      },
      {
        "item": "minecraft:yellow_carpet"
      },
      {
        "item": "minecraft:yellow_carpet"
      },
      {
        "item": "minecraft:yellow_carpet"
      },
      {
        "item": "minecraft:yellow_carpet"
      },
      {
        "item": "minecraft:yellow_carpet"
      }
    ],
    "result":
    {
        "item": "minecraft:yellow_wool"
    }
}
